slice_file_name,fsID,start,end,salience,fold,classID,class
101415-3-0-2.wav,101415,1.0,5.0,1,1,3,dog_bark
101415-3-0-3.wav,101415,1.5,5.5,1,1,3,dog_bark
101415-3-0-8.wav,101415,4.0,8.0,1,1,3,dog_bark
102106-3-0-0.wav,102106,2.243852,3.8844769999999995,2,1,3,dog_bark
102305-6-0-0.wav,102305,0.0,2.6116099999999998,1,1,6,gun_shot
102842-3-0-1.wav,102842,0.5,4.5,2,1,3,dog_bark
102842-3-1-0.wav,102842,113.06178500000001,117.06178500000001,2,1,3,dog_bark
102842-3-1-5.wav,102842,115.56178500000001,119.56178500000001,2,1,3,dog_bark
102842-3-1-6.wav,102842,116.06178500000001,120.06178500000001,2,1,3,dog_bark
103074-7-0-0.wav,103074,3.341279,7.341278999999999,1,1,7,jackhammer
103074-7-0-1.wav,103074,3.841279,7.841278999999999,1,1,7,jackhammer
103074-7-0-2.wav,103074,4.341279,8.341279,1,1,7,jackhammer
103074-7-1-0.wav,103074,22.517317000000002,26.517317,1,1,7,jackhammer
103074-7-1-1.wav,103074,23.017317000000002,27.017317,1,1,7,jackhammer
103074-7-1-2.wav,103074,23.517317000000002,27.517317,1,1,7,jackhammer
103074-7-1-3.wav,103074,24.017317000000002,28.017317,1,1,7,jackhammer
103074-7-1-4.wav,103074,24.517317000000002,28.517317,1,1,7,jackhammer
103074-7-1-5.wav,103074,25.017317000000002,29.017317,1,1,7,jackhammer
103074-7-1-6.wav,103074,25.517317000000002,29.517317,1,1,7,jackhammer
103074-7-2-0.wav,103074,42.347083000000005,43.727176,1,1,7,jackhammer
103074-7-3-0.wav,103074,46.632637,50.632637,1,1,7,jackhammer
103074-7-3-1.wav,103074,47.132637,51.132637,1,1,7,jackhammer
103074-7-3-2.wav,103074,47.632637,51.632637,1,1,7,jackhammer
103074-7-3-3.wav,103074,48.132637,52.132637,1,1,7,jackhammer
103074-7-4-0.wav,103074,60.651481999999994,64.651482,1,1,7,jackhammer
103074-7-4-1.wav,103074,61.151481999999994,65.151482,1,1,7,jackhammer
103074-7-4-2.wav,103074,61.651481999999994,65.651482,1,1,7,jackhammer
103074-7-4-3.wav,103074,62.151481999999994,66.151482,1,1,7,jackhammer
103074-7-4-4.wav,103074,62.651481999999994,66.651482,1,1,7,jackhammer
103074-7-4-5.wav,103074,63.151481999999994,67.151482,1,1,7,jackhammer
103074-7-4-6.wav,103074,63.651481999999994,67.651482,1,1,7,jackhammer
103258-5-0-0.wav,103258,0.0,4.0,1,1,5,engine_idling
103258-5-0-1.wav,103258,0.5,4.5,1,1,5,engine_idling
103258-5-0-10.wav,103258,5.0,9.0,1,1,5,engine_idling
103258-5-0-11.wav,103258,5.5,9.5,1,1,5,engine_idling
103258-5-0-12.wav,103258,6.0,10.0,1,1,5,engine_idling
103258-5-0-13.wav,103258,6.5,10.5,1,1,5,engine_idling
103258-5-0-14.wav,103258,7.0,11.0,1,1,5,engine_idling
103258-5-0-15.wav,103258,7.5,11.5,1,1,5,engine_idling
103258-5-0-16.wav,103258,8.0,12.0,1,1,5,engine_idling
103258-5-0-17.wav,103258,8.5,12.5,1,1,5,engine_idling
103258-5-0-18.wav,103258,9.0,13.0,1,1,5,engine_idling
103258-5-0-19.wav,103258,9.5,13.5,1,1,5,engine_idling
103258-5-0-2.wav,103258,1.0,5.0,1,1,5,engine_idling
103258-5-0-3.wav,103258,1.5,5.5,1,1,5,engine_idling
103258-5-0-4.wav,103258,2.0,6.0,1,1,5,engine_idling
103258-5-0-5.wav,103258,2.5,6.5,1,1,5,engine_idling
103258-5-0-6.wav,103258,3.0,7.0,1,1,5,engine_idling
103258-5-0-7.wav,103258,3.5,7.5,1,1,5,engine_idling
103258-5-0-8.wav,103258,4.0,8.0,1,1,5,engine_idling
103258-5-0-9.wav,103258,4.5,8.5,1,1,5,engine_idling
105415-2-0-1.wav,105415,0.5,4.5,1,1,2,children_playing
105415-2-0-15.wav,105415,7.5,11.5,1,1,2,children_playing
105415-2-0-19.wav,105415,9.5,13.5,1,1,2,children_playing
105415-2-0-21.wav,105415,10.5,14.5,1,1,2,children_playing
105415-2-0-24.wav,105415,12.0,16.0,1,1,2,children_playing
105415-2-0-4.wav,105415,2.0,6.0,1,1,2,children_playing
105415-2-0-6.wav,105415,3.0,7.0,1,1,2,children_playing
105415-2-0-8.wav,105415,4.0,8.0,1,1,2,children_playing
106905-8-0-0.wav,106905,43.636489000000005,47.636489000000005,2,1,8,siren
106905-8-0-1.wav,106905,44.136489000000005,48.136489000000005,2,1,8,siren
106905-8-0-2.wav,106905,44.636489000000005,48.636489000000005,2,1,8,siren
106905-8-0-3.wav,106905,45.136489000000005,49.136489000000005,2,1,8,siren
108041-9-0-11.wav,108041,5.5,9.5,1,1,9,street_music
108041-9-0-2.wav,108041,1.0,5.0,1,1,9,street_music
108041-9-0-4.wav,108041,2.0,6.0,1,1,9,street_music
108041-9-0-5.wav,108041,2.5,6.5,1,1,9,street_music
108041-9-0-6.wav,108041,3.0,7.0,1,1,9,street_music
108041-9-0-7.wav,108041,3.5,7.5,1,1,9,street_music
108041-9-0-9.wav,108041,4.5,8.5,1,1,9,street_music
108362-2-0-11.wav,108362,5.5,9.5,1,1,2,children_playing
108362-2-0-12.wav,108362,6.0,10.0,1,1,2,children_playing
108362-2-0-21.wav,108362,10.5,14.5,1,1,2,children_playing
108362-2-0-23.wav,108362,11.5,15.5,1,1,2,children_playing
108362-2-0-29.wav,108362,14.5,18.5,1,1,2,children_playing
108362-2-0-30.wav,108362,15.0,19.0,1,1,2,children_playing
108362-2-0-7.wav,108362,3.5,7.5,1,1,2,children_playing
108362-2-0-9.wav,108362,4.5,8.5,1,1,2,children_playing
113205-5-0-0.wav,113205,2.12,5.36,1,1,5,engine_idling
113205-5-1-0.wav,113205,27.04,31.04,1,1,5,engine_idling
113205-5-1-1.wav,113205,27.54,31.54,1,1,5,engine_idling
113205-5-1-2.wav,113205,28.04,32.04,1,1,5,engine_idling
113205-5-1-3.wav,113205,28.54,32.54,1,1,5,engine_idling
113205-5-1-4.wav,113205,29.04,33.04,1,1,5,engine_idling
113205-5-1-5.wav,113205,29.54,33.54,1,1,5,engine_idling
113205-5-1-6.wav,113205,30.04,34.04,1,1,5,engine_idling
113205-5-1-7.wav,113205,30.54,34.54,1,1,5,engine_idling
113205-5-1-8.wav,113205,31.04,35.04,1,1,5,engine_idling
113205-5-1-9.wav,113205,31.54,35.54,1,1,5,engine_idling
114587-3-0-2.wav,114587,2.467612,6.467612,1,1,3,dog_bark
114587-3-0-4.wav,114587,3.4676120000000004,7.467612,1,1,3,dog_bark
114587-3-0-5.wav,114587,3.9676120000000004,7.967612,1,1,3,dog_bark
114587-3-0-7.wav,114587,4.967612,8.967611999999997,1,1,3,dog_bark
118101-3-0-0.wav,118101,1.0428709999999999,5.042871,1,1,3,dog_bark
118101-3-0-3.wav,118101,2.542871,6.542871,1,1,3,dog_bark
118101-3-0-4.wav,118101,3.042871,7.042871000000001,1,1,3,dog_bark
118101-3-0-6.wav,118101,4.042871,8.042871,1,1,3,dog_bark
118279-8-0-0.wav,118279,0.0,4.0,2,1,8,siren
118279-8-0-1.wav,118279,0.5,4.5,2,1,8,siren
118279-8-0-10.wav,118279,5.0,9.0,2,1,8,siren
118279-8-0-11.wav,118279,5.5,9.5,2,1,8,siren
118279-8-0-12.wav,118279,6.0,10.0,2,1,8,siren
118279-8-0-13.wav,118279,6.5,10.5,2,1,8,siren
118279-8-0-14.wav,118279,7.0,11.0,2,1,8,siren
118279-8-0-2.wav,118279,1.0,5.0,2,1,8,siren
118279-8-0-3.wav,118279,1.5,5.5,2,1,8,siren
118279-8-0-4.wav,118279,2.0,6.0,2,1,8,siren
118279-8-0-5.wav,118279,2.5,6.5,2,1,8,siren
118279-8-0-6.wav,118279,3.0,7.0,2,1,8,siren
118279-8-0-7.wav,118279,3.5,7.5,2,1,8,siren
118279-8-0-8.wav,118279,4.0,8.0,2,1,8,siren
118279-8-0-9.wav,118279,4.5,8.5,2,1,8,siren
118963-3-0-0.wav,118963,0.0,0.519479,1,1,3,dog_bark
119455-5-0-0.wav,119455,0.446601,4.446601,1,1,5,engine_idling
119455-5-0-1.wav,119455,0.946601,4.946601,1,1,5,engine_idling
119455-5-0-2.wav,119455,1.446601,5.446601,1,1,5,engine_idling
119455-5-0-3.wav,119455,1.9466009999999998,5.946601,1,1,5,engine_idling
119455-5-0-4.wav,119455,2.446601,6.446601,1,1,5,engine_idling
119455-5-0-5.wav,119455,2.946601,6.946600999999999,1,1,5,engine_idling
119455-5-0-6.wav,119455,3.446601,7.446600999999999,1,1,5,engine_idling
119455-5-0-7.wav,119455,3.946601,7.946600999999999,1,1,5,engine_idling
122690-6-0-0.wav,122690,12.231953,15.377839999999999,1,1,6,gun_shot
124489-9-0-12.wav,124489,6.0,10.0,1,1,9,street_music
124489-9-0-14.wav,124489,7.0,11.0,1,1,9,street_music
124489-9-0-16.wav,124489,8.0,12.0,1,1,9,street_music
124489-9-0-17.wav,124489,8.5,12.5,1,1,9,street_music
124489-9-0-18.wav,124489,9.0,13.0,1,1,9,street_music
124489-9-0-6.wav,124489,3.0,7.0,1,1,9,street_music
125791-3-0-12.wav,125791,6.0,10.0,1,1,3,dog_bark
125791-3-0-13.wav,125791,6.5,10.5,1,1,3,dog_bark
125791-3-0-15.wav,125791,7.5,11.5,1,1,3,dog_bark
125791-3-0-9.wav,125791,4.5,8.5,1,1,3,dog_bark
127873-0-0-0.wav,127873,0.0,2.04075,1,1,0,air_conditioner
130030-3-0-0.wav,130030,0.0,2.594667,1,1,3,dog_bark
132016-9-0-0.wav,132016,46.661108,50.661108,2,1,9,street_music
132016-9-0-11.wav,132016,52.161108,56.161108,2,1,9,street_music
132016-9-0-14.wav,132016,53.661108,57.661108,2,1,9,street_music
132016-9-0-16.wav,132016,54.661108,58.661108,2,1,9,street_music
132016-9-0-20.wav,132016,56.661108,60.661108,2,1,9,street_music
132016-9-0-6.wav,132016,49.661108,53.661108,2,1,9,street_music
134717-0-0-0.wav,134717,0.0,4.0,1,1,0,air_conditioner
134717-0-0-1.wav,134717,0.5,4.5,1,1,0,air_conditioner
134717-0-0-12.wav,134717,6.0,10.0,1,1,0,air_conditioner
134717-0-0-13.wav,134717,6.5,10.5,1,1,0,air_conditioner
134717-0-0-14.wav,134717,7.0,11.0,1,1,0,air_conditioner
134717-0-0-15.wav,134717,7.5,11.5,1,1,0,air_conditioner
134717-0-0-16.wav,134717,8.0,12.0,1,1,0,air_conditioner
134717-0-0-18.wav,134717,9.0,13.0,1,1,0,air_conditioner
134717-0-0-19.wav,134717,9.5,13.5,1,1,0,air_conditioner
134717-0-0-2.wav,134717,1.0,5.0,1,1,0,air_conditioner
134717-0-0-20.wav,134717,10.0,14.0,1,1,0,air_conditioner
134717-0-0-21.wav,134717,10.5,14.5,1,1,0,air_conditioner
134717-0-0-22.wav,134717,11.0,15.0,1,1,0,air_conditioner
134717-0-0-23.wav,134717,11.5,15.5,1,1,0,air_conditioner
134717-0-0-24.wav,134717,12.0,16.0,1,1,0,air_conditioner
134717-0-0-25.wav,134717,12.5,16.5,1,1,0,air_conditioner
134717-0-0-26.wav,134717,13.0,17.0,1,1,0,air_conditioner
134717-0-0-27.wav,134717,13.5,17.5,1,1,0,air_conditioner
134717-0-0-28.wav,134717,14.0,18.0,1,1,0,air_conditioner
134717-0-0-4.wav,134717,2.0,6.0,1,1,0,air_conditioner
134717-0-0-5.wav,134717,2.5,6.5,1,1,0,air_conditioner
134717-0-0-6.wav,134717,3.0,7.0,1,1,0,air_conditioner
134717-0-0-7.wav,134717,3.5,7.5,1,1,0,air_conditioner
134717-0-0-8.wav,134717,4.0,8.0,1,1,0,air_conditioner
134717-0-0-9.wav,134717,4.5,8.5,1,1,0,air_conditioner
135776-2-0-32.wav,135776,16.0,20.0,2,1,2,children_playing
135776-2-0-37.wav,135776,18.5,22.5,2,1,2,children_playing
135776-2-0-40.wav,135776,20.0,24.0,2,1,2,children_playing
135776-2-0-49.wav,135776,24.5,28.5,2,1,2,children_playing
135776-2-0-50.wav,135776,25.0,29.0,2,1,2,children_playing
135776-2-0-65.wav,135776,32.5,36.5,2,1,2,children_playing
135776-2-0-85.wav,135776,42.5,46.5,2,1,2,children_playing
135776-2-0-90.wav,135776,45.0,49.0,2,1,2,children_playing
137156-9-0-28.wav,137156,14.0,18.0,1,1,9,street_music
137156-9-0-30.wav,137156,15.0,19.0,1,1,9,street_music
137156-9-0-31.wav,137156,15.5,19.5,1,1,9,street_music
137156-9-0-5.wav,137156,2.5,6.5,1,1,9,street_music
137156-9-0-73.wav,137156,36.5,40.5,1,1,9,street_music
137156-9-0-79.wav,137156,39.5,43.5,1,1,9,street_music
138015-3-0-1.wav,138015,0.5,4.5,1,1,3,dog_bark
138015-3-0-5.wav,138015,2.5,6.5,1,1,3,dog_bark
138015-3-0-7.wav,138015,3.5,7.5,1,1,3,dog_bark
138031-2-0-13.wav,138031,6.5,10.5,1,1,2,children_playing
138031-2-0-2.wav,138031,1.0,5.0,1,1,2,children_playing
138031-2-0-22.wav,138031,11.0,15.0,1,1,2,children_playing
138031-2-0-23.wav,138031,11.5,15.5,1,1,2,children_playing
138031-2-0-28.wav,138031,14.0,18.0,1,1,2,children_playing
138031-2-0-45.wav,138031,22.5,26.5,1,1,2,children_playing
138031-2-0-47.wav,138031,23.5,27.5,1,1,2,children_playing
138031-2-0-7.wav,138031,3.5,7.5,1,1,2,children_playing
139951-9-0-13.wav,139951,6.5,10.5,1,1,9,street_music
139951-9-0-17.wav,139951,8.5,12.5,1,1,9,street_music
139951-9-0-29.wav,139951,14.5,18.5,1,1,9,street_music
139951-9-0-33.wav,139951,16.5,20.5,1,1,9,street_music
139951-9-0-45.wav,139951,22.5,26.5,1,1,9,street_music
139951-9-0-9.wav,139951,4.5,8.5,1,1,9,street_music
14113-4-0-0.wav,14113,0.0,4.0,1,1,4,drilling
14113-4-0-1.wav,14113,0.5,4.5,1,1,4,drilling
143604-5-0-0.wav,143604,3.311464,5.678107,1,1,5,engine_idling
143651-2-0-0.wav,143651,0.0,4.0,2,1,2,children_playing
143651-2-0-16.wav,143651,8.0,12.0,2,1,2,children_playing
143651-2-0-20.wav,143651,10.0,14.0,2,1,2,children_playing
143651-2-0-22.wav,143651,11.0,15.0,2,1,2,children_playing
143651-2-0-39.wav,143651,19.5,23.5,2,1,2,children_playing
143651-2-0-55.wav,143651,27.5,31.5,2,1,2,children_playing
143651-2-0-59.wav,143651,29.5,33.5,2,1,2,children_playing
143651-2-0-63.wav,143651,31.5,35.5,2,1,2,children_playing
146186-5-0-0.wav,146186,0.0,4.0,1,1,5,engine_idling
146186-5-0-1.wav,146186,0.5,4.5,1,1,5,engine_idling
146186-5-0-10.wav,146186,5.0,9.0,1,1,5,engine_idling
146186-5-0-11.wav,146186,5.5,9.5,1,1,5,engine_idling
146186-5-0-12.wav,146186,6.0,10.0,1,1,5,engine_idling
146186-5-0-13.wav,146186,6.5,10.5,1,1,5,engine_idling
146186-5-0-2.wav,146186,1.0,5.0,1,1,5,engine_idling
146186-5-0-3.wav,146186,1.5,5.5,1,1,5,engine_idling
146186-5-0-4.wav,146186,2.0,6.0,1,1,5,engine_idling
146186-5-0-5.wav,146186,2.5,6.5,1,1,5,engine_idling
146186-5-0-6.wav,146186,3.0,7.0,1,1,5,engine_idling
146186-5-0-7.wav,146186,3.5,7.5,1,1,5,engine_idling
146186-5-0-8.wav,146186,4.0,8.0,1,1,5,engine_idling
146186-5-0-9.wav,146186,4.5,8.5,1,1,5,engine_idling
147764-4-0-0.wav,147764,0.441828,2.143685,1,1,4,drilling
147764-4-1-0.wav,147764,2.143685,5.220118,1,1,4,drilling
147764-4-2-0.wav,147764,5.449214,6.103774,1,1,4,drilling
147764-4-3-0.wav,147764,6.4310540000000005,7.543807000000001,1,1,4,drilling
147764-4-4-0.wav,147764,7.641991,11.641991,1,1,4,drilling
147764-4-4-1.wav,147764,8.141991,12.141991,1,1,4,drilling
147764-4-4-2.wav,147764,8.641991,12.641991,1,1,4,drilling
147764-4-5-0.wav,147764,16.29855,17.329482000000002,1,1,4,drilling
147764-4-6-0.wav,147764,17.460394,21.460394,1,1,4,drilling
147764-4-7-0.wav,147764,23.400529000000002,24.595101,1,1,4,drilling
147764-4-8-0.wav,147764,24.676921,25.364209,1,1,4,drilling
150341-3-0-0.wav,150341,12.834011,13.322652,1,1,3,dog_bark
150341-3-1-0.wav,150341,15.377819,15.823344,1,1,3,dog_bark
151977-0-0-0.wav,151977,0.466587,4.4665870000000005,1,1,0,air_conditioner
151977-0-0-1.wav,151977,0.9665870000000001,4.9665870000000005,1,1,0,air_conditioner
151977-0-0-10.wav,151977,5.4665870000000005,9.466586999999999,1,1,0,air_conditioner
151977-0-0-11.wav,151977,5.9665870000000005,9.966586999999999,1,1,0,air_conditioner
151977-0-0-12.wav,151977,6.4665870000000005,10.466586999999999,1,1,0,air_conditioner
151977-0-0-13.wav,151977,6.966587,10.966586999999999,1,1,0,air_conditioner
151977-0-0-2.wav,151977,1.466587,5.4665870000000005,1,1,0,air_conditioner
151977-0-0-3.wav,151977,1.9665869999999999,5.9665870000000005,1,1,0,air_conditioner
151977-0-0-4.wav,151977,2.466587,6.4665870000000005,1,1,0,air_conditioner
151977-0-0-5.wav,151977,2.966587,6.9665870000000005,1,1,0,air_conditioner
151977-0-0-6.wav,151977,3.466587,7.466587,1,1,0,air_conditioner
151977-0-0-7.wav,151977,3.966587,7.966587,1,1,0,air_conditioner
151977-0-0-8.wav,151977,4.4665870000000005,8.466586999999999,1,1,0,air_conditioner
151977-0-0-9.wav,151977,4.9665870000000005,8.966586999999999,1,1,0,air_conditioner
155202-9-0-124.wav,155202,62.0,66.0,1,1,9,street_music
155202-9-0-126.wav,155202,63.0,67.0,1,1,9,street_music
155202-9-0-135.wav,155202,67.5,71.5,1,1,9,street_music
155202-9-0-38.wav,155202,19.0,23.0,1,1,9,street_music
155202-9-0-42.wav,155202,21.0,25.0,1,1,9,street_music
155202-9-0-6.wav,155202,3.0,7.0,1,1,9,street_music
155310-3-0-0.wav,155310,0.0,2.774785,1,1,3,dog_bark
15564-2-0-0.wav,15564,0.0,4.0,1,1,2,children_playing
15564-2-0-1.wav,15564,0.5,4.5,1,1,2,children_playing
15564-2-0-2.wav,15564,1.0,5.0,1,1,2,children_playing
156194-1-0-0.wav,156194,0.0,0.25208600000000003,2,1,1,car_horn
157867-8-0-0.wav,157867,0.0,4.0,1,1,8,siren
157867-8-0-1.wav,157867,0.5,4.5,1,1,8,siren
157867-8-0-10.wav,157867,5.0,9.0,1,1,8,siren
157867-8-0-11.wav,157867,5.5,9.5,1,1,8,siren
157867-8-0-12.wav,157867,6.0,10.0,1,1,8,siren
157867-8-0-13.wav,157867,6.5,10.5,1,1,8,siren
157867-8-0-14.wav,157867,7.0,11.0,1,1,8,siren
157867-8-0-15.wav,157867,7.5,11.5,1,1,8,siren
157867-8-0-16.wav,157867,8.0,12.0,1,1,8,siren
157867-8-0-17.wav,157867,8.5,12.5,1,1,8,siren
157867-8-0-18.wav,157867,9.0,13.0,1,1,8,siren
157867-8-0-19.wav,157867,9.5,13.5,1,1,8,siren
157867-8-0-2.wav,157867,1.0,5.0,1,1,8,siren
157867-8-0-20.wav,157867,10.0,14.0,1,1,8,siren
157867-8-0-21.wav,157867,10.5,14.5,1,1,8,siren
157867-8-0-22.wav,157867,11.0,15.0,1,1,8,siren
157867-8-0-23.wav,157867,11.5,15.5,1,1,8,siren
157867-8-0-24.wav,157867,12.0,16.0,1,1,8,siren
157867-8-0-25.wav,157867,12.5,16.5,1,1,8,siren
157867-8-0-26.wav,157867,13.0,17.0,1,1,8,siren
157867-8-0-27.wav,157867,13.5,17.5,1,1,8,siren
157867-8-0-28.wav,157867,14.0,18.0,1,1,8,siren
157867-8-0-3.wav,157867,1.5,5.5,1,1,8,siren
157867-8-0-4.wav,157867,2.0,6.0,1,1,8,siren
157867-8-0-5.wav,157867,2.5,6.5,1,1,8,siren
157867-8-0-6.wav,157867,3.0,7.0,1,1,8,siren
157867-8-0-7.wav,157867,3.5,7.5,1,1,8,siren
157867-8-0-8.wav,157867,4.0,8.0,1,1,8,siren
157867-8-0-9.wav,157867,4.5,8.5,1,1,8,siren
159738-8-0-0.wav,159738,0.746987,4.746987,2,1,8,siren
159738-8-0-1.wav,159738,1.2469869999999998,5.246987,2,1,8,siren
159738-8-0-10.wav,159738,5.746987,9.746986999999999,2,1,8,siren
159738-8-0-11.wav,159738,6.246987,10.246986999999999,2,1,8,siren
159738-8-0-12.wav,159738,6.746987,10.746986999999999,2,1,8,siren
159738-8-0-13.wav,159738,7.246987,11.246986999999999,2,1,8,siren
159738-8-0-14.wav,159738,7.746987,11.746986999999999,2,1,8,siren
159738-8-0-15.wav,159738,8.246986999999999,12.246986999999999,2,1,8,siren
159738-8-0-16.wav,159738,8.746986999999999,12.746986999999999,2,1,8,siren
159738-8-0-17.wav,159738,9.246986999999999,13.246986999999999,2,1,8,siren
159738-8-0-18.wav,159738,9.746986999999999,13.746986999999999,2,1,8,siren
159738-8-0-19.wav,159738,10.246986999999999,14.246986999999999,2,1,8,siren
159738-8-0-2.wav,159738,1.7469869999999998,5.746987,2,1,8,siren
159738-8-0-3.wav,159738,2.246987,6.246987,2,1,8,siren
159738-8-0-4.wav,159738,2.746987,6.746987,2,1,8,siren
159738-8-0-5.wav,159738,3.246987,7.246987,2,1,8,siren
159738-8-0-6.wav,159738,3.7469870000000003,7.746987,2,1,8,siren
159738-8-0-7.wav,159738,4.246987,8.246986999999999,2,1,8,siren
159738-8-0-8.wav,159738,4.746987,8.746986999999999,2,1,8,siren
159738-8-0-9.wav,159738,5.246987,9.246986999999999,2,1,8,siren
160009-2-0-1.wav,160009,0.5,4.5,1,1,2,children_playing
160009-2-0-11.wav,160009,5.5,9.5,1,1,2,children_playing
160009-2-0-22.wav,160009,11.0,15.0,1,1,2,children_playing
160009-2-0-30.wav,160009,15.0,19.0,1,1,2,children_playing
160009-2-0-31.wav,160009,15.5,19.5,1,1,2,children_playing
160009-2-0-47.wav,160009,23.5,27.5,1,1,2,children_playing
160009-2-0-5.wav,160009,2.5,6.5,1,1,2,children_playing
160009-2-0-50.wav,160009,25.0,29.0,1,1,2,children_playing
160094-3-0-0.wav,160094,0.12069500000000001,0.31345300000000004,1,1,3,dog_bark
161702-9-0-26.wav,161702,13.0,17.0,1,1,9,street_music
161702-9-0-30.wav,161702,15.0,19.0,1,1,9,street_music
161702-9-0-37.wav,161702,18.5,22.5,1,1,9,street_music
161702-9-0-45.wav,161702,22.5,26.5,1,1,9,street_music
161702-9-0-6.wav,161702,3.0,7.0,1,1,9,street_music
161702-9-0-8.wav,161702,4.0,8.0,1,1,9,street_music
162540-1-0-0.wav,162540,1.2556200000000002,1.618235,1,1,1,car_horn
162540-1-1-0.wav,162540,5.888426,6.202331,1,1,1,car_horn
162540-1-2-0.wav,162540,10.207327000000001,10.672773,1,1,1,car_horn
162703-1-0-0.wav,162703,0.432845,1.592012,2,1,1,car_horn
164053-8-0-0.wav,164053,0.0,4.0,2,1,8,siren
164053-8-1-0.wav,164053,13.783876000000001,17.783876,2,1,8,siren
164053-8-2-0.wav,164053,21.660377,25.660377,2,1,8,siren
164053-8-2-1.wav,164053,22.160377,26.160377,2,1,8,siren
164053-8-2-2.wav,164053,22.660377,26.660377,2,1,8,siren
164053-8-2-3.wav,164053,23.160377,27.160377,2,1,8,siren
164053-8-3-0.wav,164053,49.276156,53.27615600000001,2,1,8,siren
164312-3-0-0.wav,164312,0.0,3.4505790000000003,1,1,3,dog_bark
164312-3-1-0.wav,164312,6.1822870000000005,8.171161999999999,1,1,3,dog_bark
164312-3-3-0.wav,164312,22.380838,24.058201999999998,1,1,3,dog_bark
164312-3-4-0.wav,164312,25.711605,27.412932,1,1,3,dog_bark
165067-2-0-111.wav,165067,55.5,59.5,2,1,2,children_playing
165067-2-0-112.wav,165067,56.0,60.0,2,1,2,children_playing
165067-2-0-35.wav,165067,17.5,21.5,2,1,2,children_playing
165067-2-0-56.wav,165067,28.0,32.0,2,1,2,children_playing
165067-2-0-72.wav,165067,36.0,40.0,2,1,2,children_playing
165067-2-0-9.wav,165067,4.5,8.5,2,1,2,children_playing
165067-2-0-91.wav,165067,45.5,49.5,2,1,2,children_playing
165642-4-0-0.wav,165642,0.0,4.0,1,1,4,drilling
165645-4-0-0.wav,165645,0.0,0.6938880000000001,1,1,4,drilling
165645-4-1-0.wav,165645,0.8888,1.7659049999999998,1,1,4,drilling
165645-4-2-0.wav,165645,1.882852,2.822329,1,1,4,drilling
165645-4-3-0.wav,165645,2.888599,3.765705,1,1,4,drilling
165645-4-4-0.wav,165645,4.295866,5.169073,1,1,4,drilling
165645-4-5-0.wav,165645,5.402966999999999,6.416511,1,1,4,drilling
166268-3-0-0.wav,166268,0.0,0.23920500000000003,1,1,3,dog_bark
166268-3-1-0.wav,166268,0.940874,2.382484,1,1,3,dog_bark
166268-3-2-0.wav,166268,3.495586,3.706087,1,1,3,dog_bark
172314-9-0-22.wav,172314,11.0,15.0,2,1,9,street_music
172314-9-0-40.wav,172314,20.0,24.0,2,1,9,street_music
172314-9-0-51.wav,172314,25.5,29.5,2,1,9,street_music
172314-9-0-52.wav,172314,26.0,30.0,2,1,9,street_music
172314-9-0-72.wav,172314,36.0,40.0,2,1,9,street_music
172314-9-0-80.wav,172314,40.0,44.0,2,1,9,street_music
174276-7-0-0.wav,174276,0.273606,2.633453,1,1,7,jackhammer
174276-7-1-0.wav,174276,4.651294,7.1137429999999995,1,1,7,jackhammer
174276-7-2-0.wav,174276,8.139764,12.139764,1,1,7,jackhammer
174276-7-3-0.wav,174276,14.603694,18.603694,1,1,7,jackhammer
174276-7-4-0.wav,174276,20.007403,24.007403,1,1,7,jackhammer
174276-7-5-0.wav,174276,27.052745,29.925603000000002,1,1,7,jackhammer
174276-7-6-0.wav,174276,31.464634000000004,34.508495,1,1,7,jackhammer
174290-6-0-0.wav,174290,0.273102,2.366884,1,1,6,gun_shot
174290-6-1-0.wav,174290,5.3558330000000005,7.889612,1,1,6,gun_shot
174290-6-2-0.wav,174290,9.968221,12.289587,1,1,6,gun_shot
174290-6-3-0.wav,174290,14.959918,17.372318,1,1,6,gun_shot
174294-6-0-0.wav,174294,0.0,2.535721,1,1,6,gun_shot
174294-6-1-0.wav,174294,4.167707,7.343939,1,1,6,gun_shot
174294-6-2-0.wav,174294,10.046368,13.126084,1,1,6,gun_shot
175845-1-0-0.wav,175845,1.667248,2.405537,1,1,1,car_horn
175851-1-0-0.wav,175851,0.348692,1.791682,1,1,1,car_horn
17592-5-0-0.wav,17592,2.0051740000000002,6.005174,1,1,5,engine_idling
17592-5-1-0.wav,17592,8.921325999999999,12.921325999999999,1,1,5,engine_idling
17592-5-1-1.wav,17592,9.421325999999999,13.421326,1,1,5,engine_idling
17592-5-1-2.wav,17592,9.921325999999999,13.921326,1,1,5,engine_idling
17592-5-1-3.wav,17592,10.421325999999999,14.421326,1,1,5,engine_idling
176257-3-0-0.wav,176257,45.814378999999995,49.814378999999995,1,1,3,dog_bark
176258-3-1-12.wav,176258,75.89762900000001,79.89762900000001,1,1,3,dog_bark
176258-3-1-13.wav,176258,76.39762900000001,80.39762900000001,1,1,3,dog_bark
176258-3-1-18.wav,176258,78.89762900000001,82.89762900000001,1,1,3,dog_bark
176258-3-1-2.wav,176258,70.89762900000001,74.89762900000001,1,1,3,dog_bark
176638-1-0-0.wav,176638,4.51208,5.0611690000000005,1,1,1,car_horn
176638-1-1-0.wav,176638,6.7243520000000006,7.520133,1,1,1,car_horn
176714-2-0-18.wav,176714,9.0,13.0,1,1,2,children_playing
176714-2-0-23.wav,176714,11.5,15.5,1,1,2,children_playing
176714-2-0-26.wav,176714,13.0,17.0,1,1,2,children_playing
176714-2-0-33.wav,176714,16.5,20.5,1,1,2,children_playing
176714-2-0-40.wav,176714,20.0,24.0,1,1,2,children_playing
176714-2-0-51.wav,176714,25.5,29.5,1,1,2,children_playing
176714-2-0-55.wav,176714,27.5,31.5,1,1,2,children_playing
176714-2-0-77.wav,176714,38.5,42.5,1,1,2,children_playing
176787-5-0-0.wav,176787,0.0,4.0,1,1,5,engine_idling
176787-5-0-1.wav,176787,0.5,4.5,1,1,5,engine_idling
176787-5-0-10.wav,176787,5.0,9.0,1,1,5,engine_idling
176787-5-0-11.wav,176787,5.5,9.5,1,1,5,engine_idling
176787-5-0-12.wav,176787,6.0,10.0,1,1,5,engine_idling
176787-5-0-13.wav,176787,6.5,10.5,1,1,5,engine_idling
176787-5-0-14.wav,176787,7.0,11.0,1,1,5,engine_idling
176787-5-0-15.wav,176787,7.5,11.5,1,1,5,engine_idling
176787-5-0-16.wav,176787,8.0,12.0,1,1,5,engine_idling
176787-5-0-17.wav,176787,8.5,12.5,1,1,5,engine_idling
176787-5-0-18.wav,176787,9.0,13.0,1,1,5,engine_idling
176787-5-0-19.wav,176787,9.5,13.5,1,1,5,engine_idling
176787-5-0-2.wav,176787,1.0,5.0,1,1,5,engine_idling
176787-5-0-20.wav,176787,10.0,14.0,1,1,5,engine_idling
176787-5-0-21.wav,176787,10.5,14.5,1,1,5,engine_idling
176787-5-0-22.wav,176787,11.0,15.0,1,1,5,engine_idling
176787-5-0-23.wav,176787,11.5,15.5,1,1,5,engine_idling
176787-5-0-24.wav,176787,12.0,16.0,1,1,5,engine_idling
176787-5-0-25.wav,176787,12.5,16.5,1,1,5,engine_idling
176787-5-0-26.wav,176787,13.0,17.0,1,1,5,engine_idling
176787-5-0-27.wav,176787,13.5,17.5,1,1,5,engine_idling
176787-5-0-28.wav,176787,14.0,18.0,1,1,5,engine_idling
176787-5-0-29.wav,176787,14.5,18.5,1,1,5,engine_idling
176787-5-0-3.wav,176787,1.5,5.5,1,1,5,engine_idling
176787-5-0-30.wav,176787,15.0,19.0,1,1,5,engine_idling
176787-5-0-4.wav,176787,2.0,6.0,1,1,5,engine_idling
176787-5-0-5.wav,176787,2.5,6.5,1,1,5,engine_idling
176787-5-0-6.wav,176787,3.0,7.0,1,1,5,engine_idling
176787-5-0-7.wav,176787,3.5,7.5,1,1,5,engine_idling
176787-5-0-8.wav,176787,4.0,8.0,1,1,5,engine_idling
176787-5-0-9.wav,176787,4.5,8.5,1,1,5,engine_idling
177621-0-0-0.wav,177621,0.0,4.0,2,1,0,air_conditioner
177621-0-0-100.wav,177621,50.0,54.0,2,1,0,air_conditioner
177621-0-0-104.wav,177621,52.0,56.0,2,1,0,air_conditioner
177621-0-0-105.wav,177621,52.5,56.5,2,1,0,air_conditioner
177621-0-0-109.wav,177621,54.5,58.5,2,1,0,air_conditioner
177621-0-0-117.wav,177621,58.5,62.5,2,1,0,air_conditioner
177621-0-0-120.wav,177621,60.0,64.0,2,1,0,air_conditioner
177621-0-0-126.wav,177621,63.0,67.0,2,1,0,air_conditioner
177621-0-0-127.wav,177621,63.5,67.5,2,1,0,air_conditioner
177621-0-0-128.wav,177621,64.0,68.0,2,1,0,air_conditioner
177621-0-0-145.wav,177621,72.5,76.5,2,1,0,air_conditioner
177621-0-0-147.wav,177621,73.5,77.5,2,1,0,air_conditioner
177621-0-0-2.wav,177621,1.0,5.0,2,1,0,air_conditioner
177621-0-0-27.wav,177621,13.5,17.5,2,1,0,air_conditioner
177621-0-0-31.wav,177621,15.5,19.5,2,1,0,air_conditioner
177621-0-0-35.wav,177621,17.5,21.5,2,1,0,air_conditioner
177621-0-0-46.wav,177621,23.0,27.0,2,1,0,air_conditioner
177621-0-0-47.wav,177621,23.5,27.5,2,1,0,air_conditioner
177621-0-0-48.wav,177621,24.0,28.0,2,1,0,air_conditioner
177621-0-0-54.wav,177621,27.0,31.0,2,1,0,air_conditioner
177621-0-0-57.wav,177621,28.5,32.5,2,1,0,air_conditioner
177621-0-0-80.wav,177621,40.0,44.0,2,1,0,air_conditioner
177621-0-0-88.wav,177621,44.0,48.0,2,1,0,air_conditioner
177621-0-0-91.wav,177621,45.5,49.5,2,1,0,air_conditioner
177621-0-0-93.wav,177621,46.5,50.5,2,1,0,air_conditioner
17913-4-0-0.wav,17913,0.0,4.0,1,1,4,drilling
17913-4-0-1.wav,17913,0.5,4.5,1,1,4,drilling
17913-4-0-2.wav,17913,1.0,5.0,1,1,4,drilling
17913-4-1-0.wav,17913,8.462876,9.512387,2,1,4,drilling
17913-4-2-0.wav,17913,9.512387,11.458753,1,1,4,drilling
179858-1-0-0.wav,179858,0.627537,0.973626,1,1,1,car_horn
179867-1-0-0.wav,179867,0.025481999999999998,0.566271,1,1,1,car_horn
180256-3-0-0.wav,180256,0.0,4.0,1,1,3,dog_bark
180256-3-0-1.wav,180256,0.5,4.5,1,1,3,dog_bark
180256-3-0-2.wav,180256,1.0,5.0,1,1,3,dog_bark
180256-3-0-3.wav,180256,1.5,5.5,1,1,3,dog_bark
180937-7-0-0.wav,180937,171.272327,175.272327,1,1,7,jackhammer
180937-7-0-1.wav,180937,171.772327,175.772327,1,1,7,jackhammer
180937-7-0-2.wav,180937,172.272327,176.272327,1,1,7,jackhammer
180937-7-0-4.wav,180937,173.272327,177.272327,1,1,7,jackhammer
180937-7-0-5.wav,180937,173.772327,177.772327,1,1,7,jackhammer
180937-7-0-6.wav,180937,174.272327,178.272327,1,1,7,jackhammer
180937-7-1-0.wav,180937,193.41571499999998,197.41571499999998,1,1,7,jackhammer
180937-7-1-1.wav,180937,193.91571499999998,197.91571499999998,1,1,7,jackhammer
180937-7-1-10.wav,180937,198.41571499999998,202.41571499999998,1,1,7,jackhammer
180937-7-1-11.wav,180937,198.91571499999998,202.91571499999998,1,1,7,jackhammer
180937-7-1-12.wav,180937,199.41571499999998,203.41571499999998,1,1,7,jackhammer
180937-7-1-13.wav,180937,199.91571499999998,203.91571499999998,1,1,7,jackhammer
180937-7-1-14.wav,180937,200.41571499999998,204.41571499999998,1,1,7,jackhammer
180937-7-1-15.wav,180937,200.91571499999998,204.91571499999998,1,1,7,jackhammer
180937-7-1-2.wav,180937,194.41571499999998,198.41571499999998,1,1,7,jackhammer
180937-7-1-3.wav,180937,194.91571499999998,198.91571499999998,1,1,7,jackhammer
180937-7-1-4.wav,180937,195.41571499999998,199.41571499999998,1,1,7,jackhammer
180937-7-1-5.wav,180937,195.91571499999998,199.91571499999998,1,1,7,jackhammer
180937-7-1-6.wav,180937,196.41571499999998,200.41571499999998,1,1,7,jackhammer
180937-7-1-7.wav,180937,196.91571499999998,200.91571499999998,1,1,7,jackhammer
180937-7-1-8.wav,180937,197.41571499999998,201.41571499999998,1,1,7,jackhammer
180937-7-1-9.wav,180937,197.91571499999998,201.91571499999998,1,1,7,jackhammer
180937-7-2-0.wav,180937,252.163479,256.163479,1,1,7,jackhammer
180937-7-2-1.wav,180937,252.663479,256.663479,1,1,7,jackhammer
180937-7-2-10.wav,180937,257.163479,261.163479,1,1,7,jackhammer
180937-7-2-2.wav,180937,253.163479,257.163479,1,1,7,jackhammer
180937-7-2-3.wav,180937,253.663479,257.663479,1,1,7,jackhammer
180937-7-2-4.wav,180937,254.163479,258.163479,1,1,7,jackhammer
180937-7-2-5.wav,180937,254.663479,258.663479,1,1,7,jackhammer
180937-7-2-6.wav,180937,255.163479,259.163479,1,1,7,jackhammer
180937-7-2-7.wav,180937,255.663479,259.663479,1,1,7,jackhammer
180937-7-2-8.wav,180937,256.163479,260.163479,1,1,7,jackhammer
180937-7-2-9.wav,180937,256.663479,260.663479,1,1,7,jackhammer
180937-7-3-0.wav,180937,304.584561,308.584561,2,1,7,jackhammer
180937-7-3-1.wav,180937,305.084561,309.084561,2,1,7,jackhammer
180937-7-3-10.wav,180937,309.584561,313.584561,2,1,7,jackhammer
180937-7-3-11.wav,180937,310.084561,314.084561,2,1,7,jackhammer
180937-7-3-12.wav,180937,310.584561,314.584561,2,1,7,jackhammer
180937-7-3-13.wav,180937,311.084561,315.084561,2,1,7,jackhammer
180937-7-3-14.wav,180937,311.584561,315.584561,2,1,7,jackhammer
180937-7-3-15.wav,180937,312.084561,316.084561,2,1,7,jackhammer
180937-7-3-17.wav,180937,313.084561,317.084561,2,1,7,jackhammer
180937-7-3-18.wav,180937,313.584561,317.584561,2,1,7,jackhammer
180937-7-3-19.wav,180937,314.084561,318.084561,2,1,7,jackhammer
180937-7-3-2.wav,180937,305.584561,309.584561,2,1,7,jackhammer
180937-7-3-20.wav,180937,314.584561,318.584561,2,1,7,jackhammer
180937-7-3-21.wav,180937,315.084561,319.084561,2,1,7,jackhammer
180937-7-3-22.wav,180937,315.584561,319.584561,2,1,7,jackhammer
180937-7-3-23.wav,180937,316.084561,320.084561,2,1,7,jackhammer
180937-7-3-24.wav,180937,316.584561,320.584561,2,1,7,jackhammer
180937-7-3-26.wav,180937,317.584561,321.584561,2,1,7,jackhammer
180937-7-3-27.wav,180937,318.084561,322.084561,2,1,7,jackhammer
180937-7-3-28.wav,180937,318.584561,322.584561,2,1,7,jackhammer
180937-7-3-29.wav,180937,319.084561,323.084561,2,1,7,jackhammer
180937-7-3-3.wav,180937,306.084561,310.084561,2,1,7,jackhammer
180937-7-3-30.wav,180937,319.584561,323.584561,2,1,7,jackhammer
180937-7-3-31.wav,180937,320.084561,324.084561,2,1,7,jackhammer
180937-7-3-32.wav,180937,320.584561,324.584561,2,1,7,jackhammer
180937-7-3-33.wav,180937,321.084561,325.084561,2,1,7,jackhammer
180937-7-3-4.wav,180937,306.584561,310.584561,2,1,7,jackhammer
180937-7-3-5.wav,180937,307.084561,311.084561,2,1,7,jackhammer
180937-7-3-6.wav,180937,307.584561,311.584561,2,1,7,jackhammer
180937-7-3-7.wav,180937,308.084561,312.084561,2,1,7,jackhammer
180937-7-3-8.wav,180937,308.584561,312.584561,2,1,7,jackhammer
180937-7-3-9.wav,180937,309.084561,313.084561,2,1,7,jackhammer
180937-7-4-0.wav,180937,463.203523,467.203523,2,1,7,jackhammer
180937-7-4-10.wav,180937,468.203523,472.203523,2,1,7,jackhammer
180937-7-4-11.wav,180937,468.703523,472.703523,2,1,7,jackhammer
180937-7-4-12.wav,180937,469.203523,473.203523,2,1,7,jackhammer
180937-7-4-13.wav,180937,469.703523,473.703523,2,1,7,jackhammer
180937-7-4-14.wav,180937,470.203523,474.203523,2,1,7,jackhammer
180937-7-4-2.wav,180937,464.203523,468.203523,2,1,7,jackhammer
180937-7-4-3.wav,180937,464.703523,468.703523,2,1,7,jackhammer
180937-7-4-4.wav,180937,465.203523,469.203523,2,1,7,jackhammer
180937-7-4-5.wav,180937,465.703523,469.703523,2,1,7,jackhammer
180937-7-4-6.wav,180937,466.203523,470.203523,2,1,7,jackhammer
180937-7-4-7.wav,180937,466.703523,470.703523,2,1,7,jackhammer
180937-7-4-8.wav,180937,467.203523,471.203523,2,1,7,jackhammer
180937-7-4-9.wav,180937,467.703523,471.703523,2,1,7,jackhammer
182800-2-0-0.wav,182800,1.405558,5.405558,1,1,2,children_playing
182800-2-1-0.wav,182800,21.083366,23.687782000000002,1,1,2,children_playing
182800-2-2-0.wav,182800,25.672099,29.672099,1,1,2,children_playing
182800-2-2-1.wav,182800,26.172099,30.172099,1,1,2,children_playing
182800-2-2-2.wav,182800,26.672099,30.672099,1,1,2,children_playing
182800-2-2-3.wav,182800,27.172099,31.172099,1,1,2,children_playing
182800-2-3-0.wav,182800,55.974270999999995,59.974270999999995,1,1,2,children_playing
182800-2-3-1.wav,182800,56.474270999999995,60.474270999999995,1,1,2,children_playing
184355-1-0-0.wav,184355,4.08756,4.750408,2,1,1,car_horn
19026-1-0-0.wav,19026,0.012822,1.050575,1,1,1,car_horn
191431-9-0-26.wav,191431,19.303963,23.303963,1,1,9,street_music
191431-9-0-30.wav,191431,21.303963,25.303963,1,1,9,street_music
191431-9-0-61.wav,191431,36.803963,40.803963,1,1,9,street_music
191431-9-0-66.wav,191431,39.303963,43.303963,1,1,9,street_music
191431-9-0-73.wav,191431,42.803963,46.803963,1,1,9,street_music
191431-9-0-8.wav,191431,10.303963000000001,14.303963000000001,1,1,9,street_music
192124-2-0-0.wav,192124,0.0,4.0,1,1,2,children_playing
192124-2-0-11.wav,192124,5.5,9.5,1,1,2,children_playing
192124-2-0-12.wav,192124,6.0,10.0,1,1,2,children_playing
192124-2-0-15.wav,192124,7.5,11.5,1,1,2,children_playing
192124-2-0-3.wav,192124,1.5,5.5,1,1,2,children_playing
192124-2-0-4.wav,192124,2.0,6.0,1,1,2,children_playing
192124-2-0-5.wav,192124,2.5,6.5,1,1,2,children_playing
192124-2-0-7.wav,192124,3.5,7.5,1,1,2,children_playing
193394-3-0-10.wav,193394,5.0,9.0,1,1,3,dog_bark
193394-3-0-11.wav,193394,5.5,9.5,1,1,3,dog_bark
193394-3-0-4.wav,193394,2.0,6.0,1,1,3,dog_bark
193394-3-0-7.wav,193394,3.5,7.5,1,1,3,dog_bark
193698-2-0-112.wav,193698,56.0,60.0,2,1,2,children_playing
193698-2-0-113.wav,193698,56.5,60.5,2,1,2,children_playing
193698-2-0-114.wav,193698,57.0,61.0,2,1,2,children_playing
193698-2-0-140.wav,193698,70.0,74.0,2,1,2,children_playing
193698-2-0-42.wav,193698,21.0,25.0,2,1,2,children_playing
193698-2-0-58.wav,193698,29.0,33.0,2,1,2,children_playing
193698-2-0-64.wav,193698,32.0,36.0,2,1,2,children_playing
193698-2-0-89.wav,193698,44.5,48.5,2,1,2,children_playing
194732-9-0-126.wav,194732,57.235978,61.235978,1,1,9,street_music
194732-9-0-163.wav,194732,75.735978,79.735978,1,1,9,street_music
194732-9-0-171.wav,194732,79.735978,83.735978,1,1,9,street_music
194732-9-0-175.wav,194732,81.735978,85.735978,1,1,9,street_music
194732-9-0-191.wav,194732,89.735978,93.735978,1,1,9,street_music
194732-9-0-41.wav,194732,14.735978,18.735978,1,1,9,street_music
194732-9-0-95.wav,194732,41.735978,45.735978,1,1,9,street_music
196065-2-0-0.wav,196065,0.0,2.712381,1,1,2,children_playing
196079-2-0-0.wav,196079,0.0,2.391542,1,1,2,children_playing
196087-2-0-0.wav,196087,0.0,4.0,1,1,2,children_playing
196400-6-0-0.wav,196400,0.0,3.139605,1,1,6,gun_shot
197073-3-0-0.wav,197073,0.0,0.6576,1,1,3,dog_bark
197073-3-3-0.wav,197073,6.653364999999999,7.610753,1,1,3,dog_bark
197073-3-4-3.wav,197073,11.209271000000001,15.209271,1,1,3,dog_bark
197073-3-7-0.wav,197073,29.031106,33.031106,1,1,3,dog_bark
197318-6-0-0.wav,197318,0.401594,1.93267,1,1,6,gun_shot
197318-6-1-0.wav,197318,2.409563,4.216735,1,1,6,gun_shot
197318-6-10-0.wav,197318,31.24902,32.5291,1,1,6,gun_shot
197318-6-11-0.wav,197318,33.909579,35.741851000000004,1,1,6,gun_shot
197318-6-12-0.wav,197318,37.549023,38.879303,1,1,6,gun_shot
197318-6-2-0.wav,197318,4.417532,6.3502019999999995,1,1,6,gun_shot
197318-6-3-0.wav,197318,6.801996000000001,8.759765,1,1,6,gun_shot
197318-6-4-0.wav,197318,10.843033,12.800803,1,1,6,gun_shot
197318-6-5-0.wav,197318,13.70439,15.411163,1,1,6,gun_shot
197318-6-6-0.wav,197318,16.641044,18.724312,1,1,6,gun_shot
197318-6-7-0.wav,197318,20.054592,21.886864000000003,1,1,6,gun_shot
197318-6-8-0.wav,197318,22.388856,24.070529999999998,1,1,6,gun_shot
197318-6-9-0.wav,197318,27.659775,29.592446000000002,1,1,6,gun_shot
203356-3-0-0.wav,203356,37.465647,41.465647,2,1,3,dog_bark
203356-3-0-1.wav,203356,37.965647,41.965647,2,1,3,dog_bark
203356-3-0-2.wav,203356,38.465647,42.465647,2,1,3,dog_bark
203356-3-0-3.wav,203356,38.965647,42.965647,2,1,3,dog_bark
203440-3-0-0.wav,203440,23.509202,27.509202000000002,2,1,3,dog_bark
203440-3-0-1.wav,203440,24.009202,28.009202000000002,2,1,3,dog_bark
203440-3-0-5.wav,203440,26.009202,30.009202000000002,2,1,3,dog_bark
203440-3-0-6.wav,203440,26.509202000000002,30.509202000000002,2,1,3,dog_bark
21684-9-0-12.wav,21684,6.0,10.0,1,1,9,street_music
21684-9-0-25.wav,21684,12.5,16.5,1,1,9,street_music
21684-9-0-30.wav,21684,15.0,19.0,1,1,9,street_music
21684-9-0-39.wav,21684,19.5,23.5,1,1,9,street_music
21684-9-0-5.wav,21684,2.5,6.5,1,1,9,street_music
21684-9-0-50.wav,21684,25.0,29.0,1,1,9,street_music
21684-9-0-7.wav,21684,3.5,7.5,1,1,9,street_music
22962-4-0-0.wav,22962,0.0,4.0,1,1,4,drilling
22962-4-0-1.wav,22962,0.5,4.5,1,1,4,drilling
22962-4-0-2.wav,22962,1.0,5.0,1,1,4,drilling
24074-1-0-0.wav,24074,13.060993,17.060993,1,1,1,car_horn
24074-1-0-1.wav,24074,13.560993,17.560993,1,1,1,car_horn
24074-1-0-10.wav,24074,18.060993,22.060993,1,1,1,car_horn
24074-1-0-11.wav,24074,18.560993,22.560993,1,1,1,car_horn
24074-1-0-12.wav,24074,19.060993,23.060993,1,1,1,car_horn
24074-1-0-13.wav,24074,19.560993,23.560993,1,1,1,car_horn
24074-1-0-2.wav,24074,14.060993,18.060993,1,1,1,car_horn
24074-1-0-3.wav,24074,14.560993,18.560993,1,1,1,car_horn
24074-1-0-4.wav,24074,15.060993,19.060993,1,1,1,car_horn
24074-1-0-5.wav,24074,15.560993,19.560993,1,1,1,car_horn
24074-1-0-6.wav,24074,16.060993,20.060993,1,1,1,car_horn
24074-1-0-7.wav,24074,16.560993,20.560993,1,1,1,car_horn
24074-1-0-8.wav,24074,17.060993,21.060993,1,1,1,car_horn
24074-1-0-9.wav,24074,17.560993,21.560993,1,1,1,car_horn
26270-9-0-19.wav,26270,9.5,13.5,1,1,9,street_music
26270-9-0-23.wav,26270,11.5,15.5,1,1,9,street_music
26270-9-0-3.wav,26270,1.5,5.5,1,1,9,street_music
26270-9-0-30.wav,26270,15.0,19.0,1,1,9,street_music
26270-9-0-32.wav,26270,16.0,20.0,1,1,9,street_music
26270-9-0-35.wav,26270,17.5,21.5,1,1,9,street_music
30823-8-0-0.wav,30823,7.167619,11.167619,2,1,8,siren
31323-3-0-1.wav,31323,0.992016,4.9920160000000005,2,1,3,dog_bark
31323-3-0-2.wav,31323,1.492016,5.4920160000000005,2,1,3,dog_bark
31323-3-0-20.wav,31323,10.492016,14.492016,2,1,3,dog_bark
31323-3-0-22.wav,31323,11.492016,15.492016,2,1,3,dog_bark
31840-3-0-0.wav,31840,0.020035,3.546214,1,1,3,dog_bark
31840-3-1-0.wav,31840,4.95368,5.98048,1,1,3,dog_bark
40722-8-0-0.wav,40722,0.0,4.0,2,1,8,siren
40722-8-0-1.wav,40722,0.5,4.5,2,1,8,siren
40722-8-0-2.wav,40722,1.0,5.0,2,1,8,siren
40722-8-0-3.wav,40722,1.5,5.5,2,1,8,siren
40722-8-0-4.wav,40722,2.0,6.0,2,1,8,siren
40722-8-0-5.wav,40722,2.5,6.5,2,1,8,siren
40722-8-0-6.wav,40722,3.0,7.0,2,1,8,siren
40722-8-0-7.wav,40722,3.5,7.5,2,1,8,siren
40722-8-0-8.wav,40722,4.0,8.0,2,1,8,siren
43786-3-0-0.wav,43786,0.536063,1.142558,1,1,3,dog_bark
43786-3-1-0.wav,43786,2.926828,3.314202,1,1,3,dog_bark
43806-8-0-0.wav,43806,0.0,4.0,1,1,8,siren
44736-5-0-0.wav,44736,0.0,4.0,1,1,5,engine_idling
44736-5-0-1.wav,44736,0.5,4.5,1,1,5,engine_idling
46654-6-0-0.wav,46654,0.084334,1.2228379999999999,1,1,6,gun_shot
46656-6-0-0.wav,46656,0.24765399999999999,1.666033,1,1,6,gun_shot
46656-6-1-0.wav,46656,3.32081,4.637877,1,1,6,gun_shot
46656-6-2-0.wav,46656,5.549691999999999,7.046871,1,1,6,gun_shot
46656-6-3-0.wav,46656,7.519664,8.938044,1,1,6,gun_shot
46656-6-4-0.wav,46656,9.118155999999999,10.626591000000001,1,1,6,gun_shot
46656-6-5-0.wav,46656,10.761675,12.112513,1,1,6,gun_shot
46669-4-0-0.wav,46669,0.0,4.0,1,1,4,drilling
46669-4-0-10.wav,46669,5.0,9.0,1,1,4,drilling
46669-4-0-2.wav,46669,1.0,5.0,1,1,4,drilling
46669-4-0-24.wav,46669,12.0,16.0,1,1,4,drilling
46669-4-0-26.wav,46669,13.0,17.0,1,1,4,drilling
46669-4-0-3.wav,46669,1.5,5.5,1,1,4,drilling
46669-4-0-30.wav,46669,15.0,19.0,1,1,4,drilling
46669-4-0-31.wav,46669,15.5,19.5,1,1,4,drilling
46669-4-0-32.wav,46669,16.0,20.0,1,1,4,drilling
46669-4-0-33.wav,46669,16.5,20.5,1,1,4,drilling
46669-4-0-35.wav,46669,17.5,21.5,1,1,4,drilling
46669-4-0-36.wav,46669,18.0,22.0,1,1,4,drilling
46669-4-0-37.wav,46669,18.5,22.5,1,1,4,drilling
46669-4-0-39.wav,46669,19.5,23.5,1,1,4,drilling
46669-4-0-4.wav,46669,2.0,6.0,1,1,4,drilling
46669-4-0-45.wav,46669,22.5,26.5,1,1,4,drilling
46669-4-0-48.wav,46669,24.0,28.0,1,1,4,drilling
46669-4-0-49.wav,46669,24.5,28.5,1,1,4,drilling
46669-4-0-54.wav,46669,27.0,31.0,1,1,4,drilling
46669-4-0-61.wav,46669,30.5,34.5,1,1,4,drilling
46669-4-0-63.wav,46669,31.5,35.5,1,1,4,drilling
46669-4-0-8.wav,46669,4.0,8.0,1,1,4,drilling
46669-4-0-9.wav,46669,4.5,8.5,1,1,4,drilling
46918-5-0-0.wav,46918,6.000195,10.000195,2,1,5,engine_idling
46918-5-0-1.wav,46918,6.500195,10.500195,2,1,5,engine_idling
46918-5-0-2.wav,46918,7.000195,11.000195,2,1,5,engine_idling
50901-0-0-0.wav,50901,1.006702,5.006702,1,1,0,air_conditioner
50901-0-1-0.wav,50901,9.021096,13.021096,1,1,0,air_conditioner
50901-0-1-1.wav,50901,9.521096,13.521096,1,1,0,air_conditioner
51022-3-13-0.wav,51022,19.916516,21.377728,2,1,3,dog_bark
51022-3-29-0.wav,51022,44.136601,44.596982000000004,1,1,3,dog_bark
51022-3-30-4.wav,51022,46.647024,50.647024,2,1,3,dog_bark
51022-3-7-0.wav,51022,14.201776999999998,15.292682000000001,2,1,3,dog_bark
54858-3-0-0.wav,54858,28.04638,32.04638,2,1,3,dog_bark
54858-3-1-2.wav,54858,37.898228,41.898228,1,1,3,dog_bark
54858-3-2-0.wav,54858,66.854743,67.739928,1,1,3,dog_bark
55020-4-0-0.wav,55020,0.351364,4.351364,1,1,4,drilling
55020-4-0-1.wav,55020,0.8513639999999999,4.851364,1,1,4,drilling
55020-4-0-10.wav,55020,5.351364,9.351364,1,1,4,drilling
55020-4-0-11.wav,55020,5.851364,9.851364,1,1,4,drilling
55020-4-0-12.wav,55020,6.351364,10.351364,1,1,4,drilling
55020-4-0-13.wav,55020,6.851364,10.851364,1,1,4,drilling
55020-4-0-14.wav,55020,7.351364,11.351364,1,1,4,drilling
55020-4-0-2.wav,55020,1.351364,5.351364,1,1,4,drilling
55020-4-0-3.wav,55020,1.851364,5.851364,1,1,4,drilling
55020-4-0-4.wav,55020,2.351364,6.351364,1,1,4,drilling
55020-4-0-5.wav,55020,2.851364,6.851364,1,1,4,drilling
55020-4-0-6.wav,55020,3.351364,7.351364,1,1,4,drilling
55020-4-0-7.wav,55020,3.851364,7.851364,1,1,4,drilling
55020-4-0-8.wav,55020,4.351364,8.351364,1,1,4,drilling
55020-4-0-9.wav,55020,4.851364,8.851364,1,1,4,drilling
57320-0-0-0.wav,57320,0.0,4.0,2,1,0,air_conditioner
57320-0-0-10.wav,57320,5.0,9.0,2,1,0,air_conditioner
57320-0-0-11.wav,57320,5.5,9.5,2,1,0,air_conditioner
57320-0-0-13.wav,57320,6.5,10.5,2,1,0,air_conditioner
57320-0-0-15.wav,57320,7.5,11.5,2,1,0,air_conditioner
57320-0-0-21.wav,57320,10.5,14.5,2,1,0,air_conditioner
57320-0-0-22.wav,57320,11.0,15.0,2,1,0,air_conditioner
57320-0-0-24.wav,57320,12.0,16.0,2,1,0,air_conditioner
57320-0-0-27.wav,57320,13.5,17.5,2,1,0,air_conditioner
57320-0-0-31.wav,57320,15.5,19.5,2,1,0,air_conditioner
57320-0-0-32.wav,57320,16.0,20.0,2,1,0,air_conditioner
57320-0-0-33.wav,57320,16.5,20.5,2,1,0,air_conditioner
57320-0-0-34.wav,57320,17.0,21.0,2,1,0,air_conditioner
57320-0-0-36.wav,57320,18.0,22.0,2,1,0,air_conditioner
57320-0-0-37.wav,57320,18.5,22.5,2,1,0,air_conditioner
57320-0-0-38.wav,57320,19.0,23.0,2,1,0,air_conditioner
57320-0-0-39.wav,57320,19.5,23.5,2,1,0,air_conditioner
57320-0-0-4.wav,57320,2.0,6.0,2,1,0,air_conditioner
57320-0-0-42.wav,57320,21.0,25.0,2,1,0,air_conditioner
57320-0-0-45.wav,57320,22.5,26.5,2,1,0,air_conditioner
57320-0-0-5.wav,57320,2.5,6.5,2,1,0,air_conditioner
57320-0-0-6.wav,57320,3.0,7.0,2,1,0,air_conditioner
57320-0-0-7.wav,57320,3.5,7.5,2,1,0,air_conditioner
57320-0-0-9.wav,57320,4.5,8.5,2,1,0,air_conditioner
57553-3-0-0.wav,57553,0.0,1.715423,2,1,3,dog_bark
57553-3-1-0.wav,57553,9.679885,11.932555,2,1,3,dog_bark
57553-3-2-0.wav,57553,13.063603,14.279479,2,1,3,dog_bark
57584-4-0-0.wav,57584,0.0,4.0,2,1,4,drilling
57584-4-0-1.wav,57584,0.5,4.5,2,1,4,drilling
57584-4-0-2.wav,57584,1.0,5.0,2,1,4,drilling
57584-4-0-3.wav,57584,1.5,5.5,2,1,4,drilling
57584-4-0-4.wav,57584,2.0,6.0,2,1,4,drilling
57584-4-0-5.wav,57584,2.5,6.5,2,1,4,drilling
57584-4-0-6.wav,57584,3.0,7.0,2,1,4,drilling
57584-4-0-7.wav,57584,3.5,7.5,2,1,4,drilling
57584-4-0-8.wav,57584,4.0,8.0,2,1,4,drilling
59277-0-0-0.wav,59277,0.0,4.0,1,1,0,air_conditioner
59277-0-0-1.wav,59277,0.5,4.5,1,1,0,air_conditioner
59277-0-0-2.wav,59277,1.0,5.0,1,1,0,air_conditioner
59277-0-0-3.wav,59277,1.5,5.5,1,1,0,air_conditioner
59277-0-0-4.wav,59277,2.0,6.0,1,1,0,air_conditioner
59277-0-0-5.wav,59277,2.5,6.5,1,1,0,air_conditioner
59277-0-0-6.wav,59277,3.0,7.0,1,1,0,air_conditioner
59277-0-0-7.wav,59277,3.5,7.5,1,1,0,air_conditioner
65749-3-1-12.wav,65749,81.445545,85.445545,2,1,3,dog_bark
65749-3-1-14.wav,65749,82.445545,86.445545,2,1,3,dog_bark
65749-3-1-24.wav,65749,87.445545,91.445545,2,1,3,dog_bark
65749-3-1-9.wav,65749,79.945545,83.945545,2,1,3,dog_bark
69304-9-0-0.wav,69304,0.0,4.0,2,1,9,street_music
69304-9-0-12.wav,69304,6.0,10.0,2,1,9,street_music
69304-9-0-14.wav,69304,7.0,11.0,2,1,9,street_music
69304-9-0-15.wav,69304,7.5,11.5,2,1,9,street_music
69304-9-0-6.wav,69304,3.0,7.0,2,1,9,street_music
69304-9-0-7.wav,69304,3.5,7.5,2,1,9,street_music
7061-6-0-0.wav,7061,0.978088,3.231723,1,1,6,gun_shot
71087-4-0-0.wav,71087,0.27331500000000003,4.231567,1,1,4,drilling
71087-4-1-0.wav,71087,4.427711,5.23158,1,1,4,drilling
72261-3-0-17.wav,72261,9.973879,13.973879,1,1,3,dog_bark
72261-3-0-23.wav,72261,12.973879,16.973879,1,1,3,dog_bark
72261-3-0-27.wav,72261,14.973879,18.973879,1,1,3,dog_bark
72261-3-0-6.wav,72261,4.473879,8.473879,1,1,3,dog_bark
72579-3-0-0.wav,72579,3.486718,7.486717999999999,1,1,3,dog_bark
72579-3-0-2.wav,72579,4.486718,8.486718,1,1,3,dog_bark
72579-3-0-3.wav,72579,4.986718,8.986718,1,1,3,dog_bark
72579-3-0-4.wav,72579,5.486718,9.486718,1,1,3,dog_bark
73277-9-0-0.wav,73277,0.0,4.0,1,1,9,street_music
73277-9-0-16.wav,73277,8.0,12.0,1,1,9,street_music
73277-9-0-17.wav,73277,8.5,12.5,1,1,9,street_music
73277-9-0-19.wav,73277,9.5,13.5,1,1,9,street_music
73277-9-0-24.wav,73277,12.0,16.0,1,1,9,street_music
73277-9-0-28.wav,73277,14.0,18.0,1,1,9,street_music
7383-3-0-0.wav,7383,3.9021,7.9021,1,1,3,dog_bark
7383-3-0-1.wav,7383,4.4021,8.4021,1,1,3,dog_bark
7383-3-1-0.wav,7383,11.060839,15.060839000000001,1,1,3,dog_bark
76093-6-0-0.wav,76093,3.2671,4.13887,1,1,6,gun_shot
76093-6-1-0.wav,76093,4.586976,5.222472,1,1,6,gun_shot
77246-6-0-0.wav,77246,2.3298360000000002,3.6573010000000004,1,1,6,gun_shot
77766-9-0-0.wav,77766,0.0,4.0,1,1,9,street_music
77766-9-0-3.wav,77766,1.5,5.5,1,1,9,street_music
77766-9-0-4.wav,77766,2.0,6.0,1,1,9,street_music
77766-9-0-5.wav,77766,2.5,6.5,1,1,9,street_music
77766-9-0-6.wav,77766,3.0,7.0,1,1,9,street_music
77766-9-0-7.wav,77766,3.5,7.5,1,1,9,street_music
78360-4-0-0.wav,78360,0.0,4.0,1,1,4,drilling
78360-4-0-1.wav,78360,0.5,4.5,1,1,4,drilling
78360-4-0-11.wav,78360,5.5,9.5,1,1,4,drilling
78360-4-0-12.wav,78360,6.0,10.0,1,1,4,drilling
78360-4-0-14.wav,78360,7.0,11.0,1,1,4,drilling
78360-4-0-15.wav,78360,7.5,11.5,1,1,4,drilling
78360-4-0-16.wav,78360,8.0,12.0,1,1,4,drilling
78360-4-0-17.wav,78360,8.5,12.5,1,1,4,drilling
78360-4-0-18.wav,78360,9.0,13.0,1,1,4,drilling
78360-4-0-19.wav,78360,9.5,13.5,1,1,4,drilling
78360-4-0-2.wav,78360,1.0,5.0,1,1,4,drilling
78360-4-0-20.wav,78360,10.0,14.0,1,1,4,drilling
78360-4-0-21.wav,78360,10.5,14.5,1,1,4,drilling
78360-4-0-22.wav,78360,11.0,15.0,1,1,4,drilling
78360-4-0-23.wav,78360,11.5,15.5,1,1,4,drilling
78360-4-0-3.wav,78360,1.5,5.5,1,1,4,drilling
78360-4-0-4.wav,78360,2.0,6.0,1,1,4,drilling
78360-4-0-5.wav,78360,2.5,6.5,1,1,4,drilling
78360-4-0-6.wav,78360,3.0,7.0,1,1,4,drilling
78360-4-0-7.wav,78360,3.5,7.5,1,1,4,drilling
78360-4-0-8.wav,78360,4.0,8.0,1,1,4,drilling
78360-4-0-9.wav,78360,4.5,8.5,1,1,4,drilling
83199-9-0-0.wav,83199,13.08659,17.08659,2,1,9,street_music
86278-6-0-0.wav,86278,0.24292399999999997,1.384127,1,1,6,gun_shot
86279-3-0-0.wav,86279,0.601813,4.083229,1,1,3,dog_bark
87275-1-0-0.wav,87275,1.337496,1.482876,2,1,1,car_horn
87275-1-1-0.wav,87275,1.613718,1.668236,2,1,1,car_horn
87275-1-2-0.wav,87275,1.817251,1.871768,2,1,1,car_horn
87275-1-3-0.wav,87275,2.2025080000000004,2.264294,2,1,1,car_horn
87275-1-4-0.wav,87275,2.4096740000000003,2.47873,2,1,1,car_horn
87275-1-5-0.wav,87275,2.645917,2.754952,2,1,1,car_horn
88466-7-0-0.wav,88466,0.0,1.6620409999999999,1,1,7,jackhammer
89212-3-0-0.wav,89212,0.0,1.324626,1,1,3,dog_bark
89948-5-0-0.wav,89948,6.6757610000000005,10.675761,1,1,5,engine_idling
9031-3-1-0.wav,9031,5.55171,5.967569,1,1,3,dog_bark
9031-3-2-0.wav,9031,6.7577,9.055317,1,1,3,dog_bark
9031-3-3-0.wav,9031,9.855845,11.581657,1,1,3,dog_bark
9031-3-4-0.wav,9031,12.423771,13.317866,1,1,3,dog_bark
94868-1-0-0.wav,94868,0.179042,0.530411,1,1,1,car_horn
94868-1-1-0.wav,94868,1.076489,1.468143,1,1,1,car_horn
94868-1-2-0.wav,94868,2.381256,2.75053,1,1,1,car_horn
96158-4-0-0.wav,96158,0.0,1.092817,1,1,4,drilling
97317-2-0-22.wav,97317,11.0,15.0,1,1,2,children_playing
97317-2-0-23.wav,97317,11.5,15.5,1,1,2,children_playing
97317-2-0-25.wav,97317,12.5,16.5,1,1,2,children_playing
97317-2-0-28.wav,97317,14.0,18.0,1,1,2,children_playing
97317-2-0-34.wav,97317,17.0,21.0,1,1,2,children_playing
97317-2-0-36.wav,97317,18.0,22.0,1,1,2,children_playing
97317-2-0-5.wav,97317,2.5,6.5,1,1,2,children_playing
98223-7-0-0.wav,98223,2.040371,4.575376,1,1,7,jackhammer
98223-7-1-0.wav,98223,10.263682000000001,14.263682000000001,1,1,7,jackhammer
98223-7-10-0.wav,98223,73.762488,74.75175899999999,1,1,7,jackhammer
98223-7-2-0.wav,98223,19.167118,22.629565,1,1,7,jackhammer
98223-7-3-0.wav,98223,26.895794,29.739946999999997,1,1,7,jackhammer
98223-7-4-0.wav,98223,31.965806,33.573371,1,1,7,jackhammer
98223-7-5-0.wav,98223,36.232034999999996,38.457894,1,1,7,jackhammer
98223-7-6-0.wav,98223,41.178388,42.785953000000006,1,1,7,jackhammer
98223-7-7-0.wav,98223,45.939253,48.165112,1,1,7,jackhammer
98223-7-8-0.wav,98223,49.772677,51.751218,1,1,7,jackhammer
98223-7-9-0.wav,98223,69.805406,71.289312,1,1,7,jackhammer
99180-9-0-0.wav,99180,0.0,4.0,1,1,9,street_music
99180-9-0-2.wav,99180,1.0,5.0,1,1,9,street_music
99180-9-0-36.wav,99180,18.0,22.0,1,1,9,street_music
99180-9-0-48.wav,99180,24.0,28.0,1,1,9,street_music
99180-9-0-49.wav,99180,24.5,28.5,1,1,9,street_music
99180-9-0-7.wav,99180,3.5,7.5,1,1,9,street_music
